INSERT INTO genero (nome_genero)
	VALUES ('Ação'), ('Drama'), ('Romance'),
    ('Aventura'), ('Suspense'), ('Terror'),
    ('Comédia'), ('Ficção_Científica'), ('Fantasia'),
    ('Animação');
    
INSERT INTO diretor (nome_diretor)
	VALUES ('Alfred Hitchcock'), ('Stanley Kubrick'), ('Martin Scorcese'),
    ('Steven Spielberg'), ('Quentin Tarantino'), ('Francis Ford Coppola'),
    ('Ridley Scott'), ('Christopher Nolan'), ('James Cameron'),
    ('Wes Anderson'), ('José Padilha'), ('Hayao Miyazaki'),
    ('David Fincher'), ('Coen Brothers'), ('Jean-Luc Godard');
    
INSERT INTO salas (nome_sala, capacidade_sala)
	VALUES ('ALPHA', 50), ('BETA', 50),
    ('GAMMA', 50), ('DELTA', 50), ('SIGMA', 50);
    
INSERT INTO tipo_ingresso(nome_tipo, preco_ingresso)
	VALUES ('Inteira',24.50),
    ('Meia', 12.25),
    ('Estudante', 15.00),
    ('Combo Casal', 40.00);
    
INSERT INTO tipo_pagamento (nome_tipo)
	VALUES ('Crédito'), ('Débito'),
    ('PIX'), ('Á vista');

INSERT INTO cargos (cargo)
	VALUES ('Gerente'), ('Supervisor de sala'),
    ('Operador de projetor'), ('Operador da lanchonete'), ('Bilheteiro'), ('Caixa'),
    ('Zelador'), ('Segurança');

INSERT INTO horario (hora_sessao)
	VALUES ('09:00'), ('10:30'), ('12:00'),
    ('13:30'), ('15:00'), ('16:30'),
    ('18:00'), ('19:30'), ('21:00'), ('22:30'); 

INSERT INTO assentos (num_assentos, id_sala)
	VALUES (1, 1), (2, 1), (3, 1), (4, 1), (5, 1), (6, 1), (7, 1), (8, 1), (9, 1), (10, 1),
	(11, 1), (12, 1), (13, 1), (14, 1), (15, 1), (16, 1), (17, 1), (18, 1), (19, 1), (20, 1),
	(21, 1), (22, 1), (23, 1), (24, 1), (25, 1), (26, 1), (27, 1), (28, 1), (29, 1), (30, 1),
	(31, 1), (32, 1), (33, 1), (34, 1), (35, 1), (36, 1), (37, 1), (38, 1), (39, 1), (40, 1),
	(41, 1), (42, 1), (43, 1), (44, 1), (45, 1), (46, 1), (47, 1), (48, 1), (49, 1), (50, 1), 
	(1, 2), (2, 2), (3, 2), (4, 2), (5, 2), (6, 2), (7, 2), (8, 2), (9, 2), (10, 2),
	(11, 2), (12, 2), (13, 2), (14, 2), (15, 2), (16, 2), (17, 2), (18, 2), (19, 2), (20, 2),
	(21, 2), (22, 2), (23, 2), (24, 2), (25, 2), (26, 2), (27, 2), (28, 2), (29, 2), (30, 2),
	(31, 2), (32, 2), (33, 2), (34, 2), (35, 2), (36, 2), (37, 2), (38, 2), (39, 2), (40, 2),
	(41, 2), (42, 2), (43, 2), (44, 2), (45, 2), (46, 2), (47, 2), (48, 2), (49, 2), (50, 2),
	(1, 3), (2, 3), (3, 3), (4, 3), (5, 3), (6, 3), (7, 3), (8, 3), (9, 3), (10, 3),
	(11, 3), (12, 3), (13, 3), (14, 3), (15, 3), (16, 3), (17, 3), (18, 3), (19, 3), (20, 3),
	(21, 3), (22, 3), (23, 3), (24, 3), (25, 3), (26, 3), (27, 3), (28, 3), (29, 3), (30, 3),
	(31, 3), (32, 3), (33, 3), (34, 3), (35, 3), (36, 3), (37, 3), (38, 3), (39, 3), (40, 3),
	(41, 3), (42, 3), (43, 3), (44, 3), (45, 3), (46, 3), (47, 3), (48, 3), (49, 3), (50, 3),
	(1, 4), (2, 4), (3, 4), (4, 4), (5, 4), (6, 4), (7, 4), (8, 4), (9, 4), (10, 4),
	(11, 4), (12, 4), (13, 4), (14, 4), (15, 4), (16, 4), (17, 4), (18, 4), (19, 4), (20, 4),
	(21, 4), (22, 4), (23, 4), (24, 4), (25, 4), (26, 4), (27, 4), (28, 4), (29, 4), (30, 4),
	(31, 4), (32, 4), (33, 4), (34, 4), (35, 4), (36, 4), (37, 4), (38, 4), (39, 4), (40, 4),
	(41, 4), (42, 4), (43, 4), (44, 4), (45, 4), (46, 4), (47, 4), (48, 4), (49, 4), (50, 4),
	(1, 5), (2, 5), (3, 5), (4, 5), (5, 5), (6, 5), (7, 5), (8, 5), (9, 5), (10, 5),
	(11, 5), (12, 5), (13, 5), (14, 5), (15, 5), (16, 5), (17, 5), (18, 5), (19, 5), (20, 5),
	(21, 5), (22, 5), (23, 5), (24, 5), (25, 5), (26, 5), (27, 5), (28, 5), (29, 5), (30, 5),
	(31, 5), (32, 5), (33, 5), (34, 5), (35, 5), (36, 5), (37, 5), (38, 5), (39, 5), (40, 5),
	(41, 5), (42, 5), (43, 5), (44, 5), (45, 5), (46, 5), (47, 5), (48, 5), (49, 5), (50, 5);

INSERT INTO filmes (nome_ptbr, nome_eng, ano_lancamento, id_genero, classificacao_filme)
	VALUES ('Psicose', 'Psycho', '1960', 5, '+14'), 
		('Janela Indiscreta', 'Rear Window', '1954', 5, '+12'), 
		('2001: Uma Odisseia no Espaço', '2001: A Space Odyssey', '1968', 8, 'L'), 
		('O Iluminado', 'The Shining', '1980', 6, '+16'), 
		('Os Bons Companheiros', 'Goodfellas', '1990', 5, '+16'), 
		('O Lobo de Wall Street', 'The Wolf of Wall Street', '2013', 5, '+16'), 
		('Jurassic Park', 'Jurassic Park', '1993', 4, '+12'), 
		('E.T. – O Extraterrestre', 'E.T. the Extra-Terrestrial', '1982', 8, 'L'), 
		('Pulp Fiction', 'Pulp Fiction', '1994', 5, '+18'), 
		('Kill Bill: Volume 1', 'Kill Bill: Volume 1', '2003', 1, '+18'), 
		('Apocalypse Now', 'Apocalypse Now', '1979', 1, '+18'), 
		('O Poderoso Chefão', 'The Godfather', '1972', 2, '+14'), 
		('Blade Runner', 'Blade Runner', '1982', 8, '+14'), 
		('Gladiador', 'Gladiator', '2000', 1, '+16'), 
		('Inception', 'Inception', '2010', 8, '+12'), 
		('The Dark Knight', 'The Dark Knight', '2008', 5, '+12'), 
		('Terminator 2: Judgment Day', 'Terminator 2: Judgment Day', '1991', 8, '+14'), 
		('Avatar', 'Avatar', '2009', 4, '+12'), 
		('O Grande Hotel Budapeste', 'The Grand Budapest Hotel', '2014', 7, '+12'), 
		('A Vida Aquática com Steve Zissou', 'The Life Aquatic with Steve Zissou', '2004', 4, '+12'), 
		('Tropa de Elite', 'Tropa de Elite', '2007', 1, '+18'), 
		('RoboCop (2014)', 'RoboCop', '2014', 1, '+14'), 
		('Meu Amigo Totoro', 'My Neighbor Totoro', '1988', 10, 'L'), 
		('A Viagem de Chihiro', 'Spirited Away', '2001', 10, 'L'), 
		('Seven – Os Sete Crimes Capitais', 'Seven', '1995', 5, '+18'), 
		('Clube da Luta', 'Fight Club', '1999', 9, '+18'), 
		('O Grande Lebowski', 'The Big Lebowski', '1998', 7, '+16'), 
		('Onde os Fracos Não Têm Vez', 'No Country for Old Men', '2007', 1, '+16'), 
		('O Desprezo', 'Le Mépris', '1963', 3, '+16'), 
		('Acossado', 'À bout de souffle', '1960', 2, '+16'); 

INSERT INTO diretores_filme (id_filme, id_diretor)
	VALUES(1, 1), (2, 1), (3, 2), (4, 2), (5, 3),
    (6, 3), (7, 4), (8, 4), (9, 5), (10, 5),
    (11, 6), (12, 6), (13, 7), (14, 7), (15, 8),
    (16, 8), (17, 9), (18, 9), (19, 10), (20, 10),
    (21, 11), (22, 11), (23, 12), (24, 12), (25, 13),
    (26, 13),  (27, 14), (28, 14), (29, 15), (30, 15);
  
INSERT INTO empregados (nome_empregados, email_empregados, cpf_empregados, telefone_empregados, id_cargos)
	VALUES ('Mateus Alcantara', 'mateusinho@gmail.com', '01234567890', '7599254684', 8),
    ('Ismael de Jesus', 'abencoadoporDeus@gmail.com', '09876543210', '7598645236', 3), 
    ('Sayd Brandão', 'sayd@gmail.com', '12345678900', '7598452226', 5),
    ('Tiago Carneiro', 'iagocomT@gmail.com', '00123456789', '7596913541', 6),
    ('Adriel Saretto', 'Sadriel@outlook.com', '12345678911', '7598463235', 7),
    ('Gabriel Oliveira', 'gabzinho@hotmail.com', '16852168496', '7598642513', 4),
    ('Victor Moak', 'Cictor@moak.com', '11111111111', '7598642516', 1),
    ('Kauã Góes', 'kaua@yahoo.com', '22222222222', '7598956131', 2);
    
INSERT INTO sessoes (id_filme, id_sala, data_sessao, id_horario)
	VALUES (1, 1, '2024-09-10', 1), (1, 2, '2024-09-10', 7), (1, 3, '2024-09-10', 3), (1, 4, '2024-09-11', 9), (1, 5, '2024-09-11', 10),
	(2, 1, '2024-09-12', 6), (2, 2, '2024-09-12', 2), (2, 3, '2024-09-12', 8), (2, 4, '2024-09-13', 4), (2, 5, '2024-09-13', 5),
	(3, 1, '2024-09-14', 1), (3, 2, '2024-09-14', 7), (3, 3, '2024-09-14', 3), (3, 4, '2024-09-15', 9), (3, 5, '2024-09-15', 10),
	(4, 1, '2024-09-16', 6), (4, 2, '2024-09-16', 2), (4, 3, '2024-09-16', 8), (4, 4, '2024-09-17', 4), (4, 5, '2024-09-17', 5),
	(5, 1, '2024-09-18', 1), (5, 2, '2024-09-18', 7), (5, 3, '2024-09-18', 3), (5, 4, '2024-09-19', 9), (5, 5, '2024-09-19', 10),
	(6, 1, '2024-09-20', 6), (6, 2, '2024-09-20', 2), (6, 3, '2024-09-20', 8), (6, 4, '2024-09-21', 4), (6, 5, '2024-09-21', 5),
	(7, 1, '2024-09-22', 1), (7, 2, '2024-09-22', 7), (7, 3, '2024-09-22', 3), (7, 4, '2024-09-23', 9), (7, 5, '2024-09-23', 10),
	(8, 1, '2024-09-24', 6), (8, 2, '2024-09-24', 2), (8, 3, '2024-09-24', 8), (8, 4, '2024-09-25', 4), (8, 5, '2024-09-25', 5),
	(9, 1, '2024-09-26', 1), (9, 2, '2024-09-26', 7), (9, 3, '2024-09-26', 3), (9, 4, '2024-09-27', 9), (9, 5, '2024-09-27', 10),
	(10, 1, '2024-09-28', 6), (10, 2, '2024-09-28', 2), (10, 3, '2024-09-28', 8), (10, 4, '2024-09-29', 4), (10, 5, '2024-09-29', 5),
	(11, 1, '2024-09-30', 1), (11, 2, '2024-09-30', 7), (11, 3, '2024-09-30', 3), (11, 4, '2024-10-01', 9), (11, 5, '2024-10-01', 10),
	(12, 1, '2024-10-02', 6), (12, 2, '2024-10-02', 2), (12, 3, '2024-10-02', 8), (12, 4, '2024-10-03', 4), (12, 5, '2024-10-03', 5),
	(13, 1, '2024-10-04', 1), (13, 2, '2024-10-04', 7), (13, 3, '2024-10-04', 3), (13, 4, '2024-10-05', 9), (13, 5, '2024-10-05', 10),
	(14, 1, '2024-10-06', 6), (14, 2, '2024-10-06', 2), (14, 3, '2024-10-06', 8), (14, 4, '2024-10-07', 4), (14, 5, '2024-10-07', 5),
	(15, 1, '2024-10-08', 1), (15, 2, '2024-10-08', 7), (15, 3, '2024-10-08', 3), (15, 4, '2024-10-09', 9), (15, 5, '2024-10-09', 10),
	(16, 1, '2024-10-10', 6), (16, 2, '2024-10-10', 2), (16, 3, '2024-10-10', 8), (16, 4, '2024-10-11', 4), (16, 5, '2024-10-11', 5),
	(17, 1, '2024-10-12', 1), (17, 2, '2024-10-12', 7), (17, 3, '2024-10-12', 3), (17, 4, '2024-10-13', 9), (17, 5, '2024-10-13', 10),
	(18, 1, '2024-10-14', 6), (18, 2, '2024-10-14', 2), (18, 3, '2024-10-14', 8), (18, 4, '2024-10-15', 4), (18, 5, '2024-10-15', 5),
	(19, 1, '2024-10-16', 1), (19, 2, '2024-10-16', 7), (19, 3, '2024-10-16', 3), (19, 4, '2024-10-17', 9), (19, 5, '2024-10-17', 10),
	(20, 1, '2024-10-18', 6), (20, 2, '2024-10-18', 2), (20, 3, '2024-10-18', 8), (20, 4, '2024-10-19', 4), (20, 5, '2024-10-19', 5),
	(21, 1, '2024-10-20', 1), (21, 2, '2024-10-20', 7), (21, 3, '2024-10-20', 3), (21, 4, '2024-10-21', 9), (21, 5, '2024-10-21', 10),
	(22, 1, '2024-10-22', 6), (22, 2, '2024-10-22', 2), (22, 3, '2024-10-22', 8), (22, 4, '2024-10-23', 4), (22, 5, '2024-10-23', 5),
	(23, 1, '2024-10-24', 1), (23, 2, '2024-10-24', 7), (23, 3, '2024-10-24', 3), (23, 4, '2024-10-25', 9), (23, 5, '2024-10-25', 10),
	(24, 1, '2024-10-26', 6), (24, 2, '2024-10-26', 2), (24, 3, '2024-10-26', 8), (24, 4, '2024-10-27', 4), (24, 5, '2024-10-27', 5),
	(25, 1, '2024-10-28', 1), (25, 2, '2024-10-28', 7), (25, 3, '2024-10-28', 3), (25, 4, '2024-10-29', 9), (25, 5, '2024-10-29', 10),
	(26, 1, '2024-10-30', 6), (26, 2, '2024-10-30', 2), (26, 3, '2024-10-30', 8), (26, 4, '2024-10-31', 4), (26, 5, '2024-10-31', 5),
	(27, 1, '2024-11-01', 1), (27, 2, '2024-11-01', 7), (27, 3, '2024-11-01', 3), (27, 4, '2024-11-02', 9), (27, 5, '2024-11-02', 10),
	(28, 1, '2024-11-03', 6), (28, 2, '2024-11-03', 2), (28, 3, '2024-11-03', 8), (28, 4, '2024-11-04', 4), (28, 5, '2024-11-04', 5),
	(29, 1, '2024-11-05', 1), (29, 2, '2024-11-05', 7), (29, 3, '2024-11-05', 3), (29, 4, '2024-11-06', 9), (29, 5, '2024-11-06', 10),
	(30, 1, '2024-11-07', 6), (30, 2, '2024-11-07', 2), (30, 3, '2024-11-07', 8), (30, 4, '2024-11-08', 4), (30, 5, '2024-11-08', 5);

INSERT INTO ingressos (id_sessao, id_tipo, id_assentos) 
	VALUES (2, 1, 1), (2, 2, 2), (2, 3, 3), (2, 4, 4), (2, 1, 5),
	(2, 2, 6), (2, 3, 7), (2, 4, 8), (2, 1, 9), (2, 2, 10),
	(2, 3, 11), (2, 4, 12), (2, 1, 13), (2, 2, 14), (2, 3, 15),
	(2, 4, 16), (2, 1, 17), (2, 2, 18), (2, 3, 19), (2, 4, 20),
	(2, 1, 21), (2, 2, 22), (2, 3, 23), (2, 4, 24), (2, 1, 25),
	(2, 2, 26), (2, 3, 27), (2, 4, 28), (2, 1, 29), (2, 2, 30),
	(2, 3, 31), (2, 4, 32), (2, 1, 33), (2, 2, 34), (2, 3, 35),
	(2, 4, 36), (2, 1, 37), (2, 2, 38), (2, 3, 39), (2, 4, 40),
	(2, 1, 41), (2, 2, 42), (2, 3, 43), (2, 4, 44), (2, 1, 45),
	(2, 2, 46), (2, 3, 47), (2, 4, 48), (2, 1, 49), (2, 2, 50),
	-- id_sessao = 27
	(27, 1, 1), (27, 2, 2), (27, 3, 3), (27, 4, 4), (27, 1, 5),
	(27, 2, 6), (27, 3, 7), (27, 4, 8), (27, 1, 9), (27, 2, 10),
	(27, 3, 11), (27, 4, 12), (27, 1, 13), (27, 2, 14), (27, 3, 15),
	(27, 4, 16), (27, 1, 17), (27, 2, 18), (27, 3, 19), (27, 4, 20),
	(27, 1, 21), (27, 2, 22), (27, 3, 23), (27, 4, 24), (27, 1, 25),
	(27, 2, 26), (27, 3, 27), (27, 4, 28), (27, 1, 29), (27, 2, 30),
	(27, 3, 31), (27, 4, 32), (27, 1, 33), (27, 2, 34), (27, 3, 35),
	(27, 4, 36), (27, 1, 37), (27, 2, 38), (27, 3, 39), (27, 4, 40),
	(27, 1, 41), (27, 2, 42), (27, 3, 43), (27, 4, 44), (27, 1, 45),
	(27, 2, 46), (27, 3, 47), (27, 4, 48), (27, 1, 49), (27, 2, 50),
	-- id_sessao = 63
	(63, 1, 1), (63, 2, 2), (63, 3, 3), (63, 4, 4), (63, 1, 5),
	(63, 2, 6), (63, 3, 7), (63, 4, 8), (63, 1, 9), (63, 2, 10),
	(63, 3, 11), (63, 4, 12), (63, 1, 13), (63, 2, 14), (63, 3, 15),
	(63, 4, 16), (63, 1, 17), (63, 2, 18), (63, 3, 19), (63, 4, 20),
	(63, 1, 21), (63, 2, 22), (63, 3, 23), (63, 4, 24), (63, 1, 25),
	(63, 2, 26), (63, 3, 27), (63, 4, 28), (63, 1, 29), (63, 2, 30),
	(63, 3, 31), (63, 4, 32), (63, 1, 33), (63, 2, 34), (63, 3, 35),
	(63, 4, 36), (63, 1, 37), (63, 2, 38), (63, 3, 39), (63, 4, 40),
	(63, 1, 41), (63, 2, 42), (63, 3, 43), (63, 4, 44), (63, 1, 45),
	(63, 2, 46), (63, 3, 47), (63, 4, 48), (63, 1, 49), (63, 2, 50),
	-- id_sessao = 91
	(91, 1, 1), (91, 2, 2), (91, 3, 3), (91, 4, 4), (91, 1, 5),
	(91, 2, 6), (91, 3, 7), (91, 4, 8), (91, 1, 9), (91, 2, 10),
	(91, 3, 11), (91, 4, 12), (91, 1, 13), (91, 2, 14), (91, 3, 15),
	(91, 4, 16), (91, 1, 17), (91, 2, 18), (91, 3, 19), (91, 4, 20),
	(91, 1, 21), (91, 2, 22), (91, 3, 23), (91, 4, 24), (91, 1, 25),
	(91, 2, 26), (91, 3, 27), (91, 4, 28), (91, 1, 29), (91, 2, 30),
	(91, 3, 31), (91, 4, 32), (91, 1, 33), (91, 2, 34), (91, 3, 35),
	(91, 4, 36), (91, 1, 37), (91, 2, 38), (91, 3, 39), (91, 4, 40),
	(91, 1, 41), (91, 2, 42), (91, 3, 43), (91, 4, 44), (91, 1, 45),
	(91, 2, 46), (91, 3, 47), (91, 4, 48), (91, 1, 49), (91, 2, 50),
	-- id_sessao = 135
	(135, 1, 1), (135, 2, 2), (135, 3, 3), (135, 4, 4), (135, 1, 5),
	(135, 2, 6), (135, 3, 7), (135, 4, 8), (135, 1, 9), (135, 2, 10),
	(135, 3, 11), (135, 4, 12), (135, 1, 13), (135, 2, 14), (135, 3, 15),
	(135, 4, 16), (135, 1, 17), (135, 2, 18), (135, 3, 19), (135, 4, 20),
	(135, 1, 21), (135, 2, 22), (135, 3, 23), (135, 4, 24), (135, 1, 25),
	(135, 2, 26), (135, 3, 27), (135, 4, 28), (135, 1, 29), (135, 2, 30),
	(135, 3, 31), (135, 4, 32), (135, 1, 33), (135, 2, 34), (135, 3, 35),
	(135, 4, 36), (135, 1, 37), (135, 2, 38), (135, 3, 39), (135, 4, 40),
	(135, 1, 41), (135, 2, 42), (135, 3, 43), (135, 4, 44), (135, 1, 45),
	(135, 2, 46), (135, 3, 47), (135, 4, 48), (135, 1, 49), (135, 2, 50);

INSERT INTO item_venda(id_ingresso, id_tipo) 
	VALUES (1, 1), (2, 2), (3, 3), (4, 4), (5, 1),
	(6, 2), (7, 3), (8, 4), (9, 1), (10, 2),
	(11, 3), (12, 4), (13, 1), (14, 2), (15, 3),
	(16, 4), (17, 1), (18, 2), (19, 3), (20, 4),
	(21, 1), (22, 2), (23, 3), (24, 4), (25, 1),
	(26, 2), (27, 3), (28, 4), (29, 1), (30, 2),
	(31, 3), (32, 4), (33, 1), (34, 2), (35, 3),
	(36, 4), (37, 1), (38, 2), (39, 3), (40, 4),
	(41, 1), (42, 2), (43, 3), (44, 4), (45, 1),
	(46, 2), (47, 3), (48, 4), (49, 1), (50, 2),
	(51, 3), (52, 4), (53, 1), (54, 2), (55, 3),
	(56, 4), (57, 1), (58, 2), (59, 3), (60, 4),
	(61, 1), (62, 2), (63, 3), (64, 4), (65, 1),
	(66, 2), (67, 3), (68, 4), (69, 1), (70, 2),
	(71, 3), (72, 4), (73, 1), (74, 2), (75, 3),
	(76, 4), (77, 1), (78, 2), (79, 3), (80, 4),
	(81, 1), (82, 2), (83, 3), (84, 4), (85, 1),
	(86, 2), (87, 3), (88, 4), (89, 1), (90, 2),
	(91, 3), (92, 4), (93, 1), (94, 2), (95, 3),
	(96, 4), (97, 1), (98, 2), (99, 3), (100, 4);

INSERT INTO vendas(id_item, id_empregados, id_tipo_pagamento) 
	VALUES (1, 2, 1), (2, 2, 2), (3, 2, 3), (4, 2, 4), (5, 2, 1),
	(6, 2, 2), (7, 2, 3), (8, 2, 4), (9, 2, 1), (10, 2, 2),
	(11, 2, 3), (12, 2, 4), (13, 2, 1), (14, 2, 2), (15, 2, 3),
	(16, 2, 4), (17, 2, 1), (18, 2, 2), (19, 2, 3), (20, 2, 4),
	(21, 2, 1), (22, 2, 2), (23, 2, 3), (24, 2, 4), (25, 2, 1),
	(26, 2, 2), (27, 2, 3), (28, 2, 4), (29, 2, 1), (30, 2, 2),
	(31, 2, 3), (32, 2, 4), (33, 2, 1), (34, 2, 2), (35, 2, 3),
	(36, 2, 4), (37, 2, 1), (38, 2, 2), (39, 2, 3), (40, 2, 4),
	(41, 2, 1), (42, 2, 2), (43, 2, 3), (44, 2, 4), (45, 2, 1),
	(46, 2, 2), (47, 2, 3), (48, 2, 4), (49, 2, 1), (50, 2, 2),
	(51, 2, 3), (52, 2, 4), (53, 2, 1), (54, 2, 2), (55, 2, 3),
	(56, 2, 4), (57, 2, 1), (58, 2, 2), (59, 2, 3), (60, 2, 4),
	(61, 2, 1), (62, 2, 2), (63, 2, 3), (64, 2, 4), (65, 2, 1),
	(66, 2, 2), (67, 2, 3), (68, 2, 4), (69, 2, 1), (70, 2, 2),
	(71, 2, 3), (72, 2, 4), (73, 2, 1), (74, 2, 2), (75, 2, 3),
	(76, 2, 4), (77, 2, 1), (78, 2, 2), (79, 2, 3), (80, 2, 4),
	(81, 2, 1), (82, 2, 2), (83, 2, 3), (84, 2, 4), (85, 2, 1),
	(86, 2, 2), (87, 2, 3), (88, 2, 4), (89, 2, 1), (90, 2, 2),
	(91, 2, 3), (92, 2, 4), (93, 2, 1), (94, 2, 2), (95, 2, 3),
	(96, 2, 4), (97, 2, 1), (98, 2, 2), (99, 2, 3), (100, 2, 4);
