INSERT INTO genero (nome_genero)
	VALUES ('Ação'), ('Drama'), ('Romance'),
    ('Aventura'), ('Suspense'), ('Terror'),
    ('Comédia'), ('Ficção_Científica'), ('Fantasia'),
    ('Animação');
    
INSERT INTO diretor (nome_diretor)
	VALUES ('Alfred Hitchcock'), ('Stanley Kubrick'), ('Martin Scorcese'),
    ('Steven Spielberg'), ('Quentin Tarantino'), ('Francis Ford Coppola'),
    ('Ridley Scott'), ('Christopher Nolan'), ('James Cameron'),
    ('Wes Anderson'), ('José Padilha'), ('Hayao Miyazaki'),
    ('David Fincher'), ('Coen Brothers'), ('Jean-Luc Godard');
    
INSERT INTO salas (nome_sala, capacidade_sala)
	VALUES ('ALPHA', 50), ('BETA', 50),
    ('GAMMA', 50), ('DELTA', 50), ('SIGMA', 50);
    
INSERT INTO tipo_ingresso(nome_tipo, preco_ingresso)
	VALUES ('Inteira',24.50),
    ('Meia', 12.25),
    ('Estudante', 15.00),
    ('Combo Casal', 40.00);
    
INSERT INTO tipo_pagamento (nome_tipo)
	VALUES ('Crédito'), ('Débito'),
    ('PIX'), ('Á vista');

INSERT INTO cargos (cargo)
	VALUES ('Gerente'), ('Supervisor de sala'),
    ('Operador de projetor'), ('Operador da lanchonete'), ('Bilheteiro'), ('Caixa'),
    ('Zelador'), ('Segurança');

INSERT INTO horario (hora_sessao)
	VALUES ('09:00'), ('10:30'), ('12:00'),
    ('13:30'), ('15:00'), ('16:30'),
    ('18:00'), ('19:30'), ('21:00'), ('22:30'); 

INSERT INTO assentos (num_assentos, id_sala)
	VALUES (1, 1), (2, 1), (3, 1), (4, 1), (5, 1), (6, 1), (7, 1), (8, 1), (9, 1), (10, 1),
(11, 1), (12, 1), (13, 1), (14, 1), (15, 1), (16, 1), (17, 1), (18, 1), (19, 1), (20, 1),
(21, 1), (22, 1), (23, 1), (24, 1), (25, 1), (26, 1), (27, 1), (28, 1), (29, 1), (30, 1),
(31, 1), (32, 1), (33, 1), (34, 1), (35, 1), (36, 1), (37, 1), (38, 1), (39, 1), (40, 1),
(41, 1), (42, 1), (43, 1), (44, 1), (45, 1), (46, 1), (47, 1), (48, 1), (49, 1), (50, 1), 
(1, 2), (2, 2), (3, 2), (4, 2), (5, 2), (6, 2), (7, 2), (8, 2), (9, 2), (10, 2),
(11, 2), (12, 2), (13, 2), (14, 2), (15, 2), (16, 2), (17, 2), (18, 2), (19, 2), (20, 2),
(21, 2), (22, 2), (23, 2), (24, 2), (25, 2), (26, 2), (27, 2), (28, 2), (29, 2), (30, 2),
(31, 2), (32, 2), (33, 2), (34, 2), (35, 2), (36, 2), (37, 2), (38, 2), (39, 2), (40, 2),
(41, 2), (42, 2), (43, 2), (44, 2), (45, 2), (46, 2), (47, 2), (48, 2), (49, 2), (50, 2),
(1, 3), (2, 3), (3, 3), (4, 3), (5, 3), (6, 3), (7, 3), (8, 3), (9, 3), (10, 3),
(11, 3), (12, 3), (13, 3), (14, 3), (15, 3), (16, 3), (17, 3), (18, 3), (19, 3), (20, 3),
(21, 3), (22, 3), (23, 3), (24, 3), (25, 3), (26, 3), (27, 3), (28, 3), (29, 3), (30, 3),
(31, 3), (32, 3), (33, 3), (34, 3), (35, 3), (36, 3), (37, 3), (38, 3), (39, 3), (40, 3),
(41, 3), (42, 3), (43, 3), (44, 3), (45, 3), (46, 3), (47, 3), (48, 3), (49, 3), (50, 3),
(1, 4), (2, 4), (3, 4), (4, 4), (5, 4), (6, 4), (7, 4), (8, 4), (9, 4), (10, 4),
(11, 4), (12, 4), (13, 4), (14, 4), (15, 4), (16, 4), (17, 4), (18, 4), (19, 4), (20, 4),
(21, 4), (22, 4), (23, 4), (24, 4), (25, 4), (26, 4), (27, 4), (28, 4), (29, 4), (30, 4),
(31, 4), (32, 4), (33, 4), (34, 4), (35, 4), (36, 4), (37, 4), (38, 4), (39, 4), (40, 4),
(41, 4), (42, 4), (43, 4), (44, 4), (45, 4), (46, 4), (47, 4), (48, 4), (49, 4), (50, 4),
(1, 5), (2, 5), (3, 5), (4, 5), (5, 5), (6, 5), (7, 5), (8, 5), (9, 5), (10, 5),
(11, 5), (12, 5), (13, 5), (14, 5), (15, 5), (16, 5), (17, 5), (18, 5), (19, 5), (20, 5),
(21, 5), (22, 5), (23, 5), (24, 5), (25, 5), (26, 5), (27, 5), (28, 5), (29, 5), (30, 5),
(31, 5), (32, 5), (33, 5), (34, 5), (35, 5), (36, 5), (37, 5), (38, 5), (39, 5), (40, 5),
(41, 5), (42, 5), (43, 5), (44, 5), (45, 5), (46, 5), (47, 5), (48, 5), (49, 5), (50, 5);

INSERT INTO filmes (nome_ptbr, nome_eng, ano_lancamento, id_genero, classificacao_filme)
	VALUES ('Psicose', 'Psycho', '1960', 5, '+14'), 
		('Janela Indiscreta', 'Rear Window', '1954', 5, '+12'), 
		('2001: Uma Odisseia no Espaço', '2001: A Space Odyssey', '1968', 8, 'L'), 
		('O Iluminado', 'The Shining', '1980', 6, '+16'), 
		('Os Bons Companheiros', 'Goodfellas', '1990', 5, '+16'), 
		('O Lobo de Wall Street', 'The Wolf of Wall Street', '2013', 5, '+16'), 
		('Jurassic Park', 'Jurassic Park', '1993', 4, '+12'), 
		('E.T. – O Extraterrestre', 'E.T. the Extra-Terrestrial', '1982', 8, 'L'), 
		('Pulp Fiction', 'Pulp Fiction', '1994', 5, '+18'), 
		('Kill Bill: Volume 1', 'Kill Bill: Volume 1', '2003', 1, '+18'), 
		('Apocalypse Now', 'Apocalypse Now', '1979', 1, '+18'), 
		('O Poderoso Chefão', 'The Godfather', '1972', 2, '+14'), 
		('Blade Runner', 'Blade Runner', '1982', 8, '+14'), 
		('Gladiador', 'Gladiator', '2000', 1, '+16'), 
		('Inception', 'Inception', '2010', 8, '+12'), 
		('The Dark Knight', 'The Dark Knight', '2008', 5, '+12'), 
		('Terminator 2: Judgment Day', 'Terminator 2: Judgment Day', '1991', 8, '+14'), 
		('Avatar', 'Avatar', '2009', 4, '+12'), 
		('O Grande Hotel Budapeste', 'The Grand Budapest Hotel', '2014', 7, '+12'), 
		('A Vida Aquática com Steve Zissou', 'The Life Aquatic with Steve Zissou', '2004', 4, '+12'), 
		('Tropa de Elite', 'Tropa de Elite', '2007', 1, '+18'), 
		('RoboCop (2014)', 'RoboCop', '2014', 1, '+14'), 
		('Meu Amigo Totoro', 'My Neighbor Totoro', '1988', 10, 'L'), 
		('A Viagem de Chihiro', 'Spirited Away', '2001', 10, 'L'), 
		('Seven – Os Sete Crimes Capitais', 'Seven', '1995', 5, '+18'), 
		('Clube da Luta', 'Fight Club', '1999', 9, '+18'), 
		('O Grande Lebowski', 'The Big Lebowski', '1998', 7, '+16'), 
		('Onde os Fracos Não Têm Vez', 'No Country for Old Men', '2007', 1, '+16'), 
		('O Desprezo', 'Le Mépris', '1963', 3, '+16'), 
		('Acossado', 'À bout de souffle', '1960', 2, '+16'); 

INSERT INTO diretores_filme (id_filme, id_diretor)
	VALUES(1, 1), (2, 1), (3, 2), (4, 2), (5, 3),
    (6, 3), (7, 4), (8, 4), (9, 5), (10, 5),
    (11, 6), (12, 6), (13, 7), (14, 7), (15, 8),
    (16, 8), (17, 9), (18, 9), (19, 10), (20, 10),
    (21, 11), (22, 11), (23, 12), (24, 12), (25, 13),
    (26, 13),  (27, 14), (28, 14), (29, 15), (30, 15);
  
INSERT INTO empregados (nome_empregados, email_empregados, cpf_empregados, telefone_empregados, id_cargos)
	VALUES ('Mateus Alcantara', 'mateusinho@gmail.com', '01234567890', '7599254684', 8),
    ('Ismael de Jesus', 'abencoadoporDeus@gmail.com', '09876543210', '7598645236', 3), 
    ('Sayd Brandão', 'sayd@gmail.com', '12345678900', '7598452226', 5),
    ('Tiago Carneiro', 'iagocomT@gmail.com', '00123456789', '7596913541', 6),
    ('Adriel Saretto', 'Sadriel@outlook.com', '12345678911', '7598463235', 7),
    ('Gabriel Oliveira', 'gabzinho@hotmail.com', '16852168496', '7598642513', 4),
    ('Victor Moak', 'Cictor@moak.com', '11111111111', '7598642516', 1),
    ('Kauã Góes', 'kaua@yahoo.com', '22222222222', '7598956131', 2);
    
INSERT INTO sessoes (id_filme, id_sala, data_sessao, id_horario)
	VALUES (1, 1, '2024-09-10', 1), (1, 2, '2024-09-10', 7), (1, 3, '2024-09-10', 3), (1, 4, '2024-09-11', 9), (1, 5, '2024-09-11', 10),
	(2, 1, '2024-09-12', 6), (2, 2, '2024-09-12', 2), (2, 3, '2024-09-12', 8), (2, 4, '2024-09-13', 4), (2, 5, '2024-09-13', 5),
	(3, 1, '2024-09-14', 1), (3, 2, '2024-09-14', 7), (3, 3, '2024-09-14', 3), (3, 4, '2024-09-15', 9), (3, 5, '2024-09-15', 10),
	(4, 1, '2024-09-16', 6), (4, 2, '2024-09-16', 2), (4, 3, '2024-09-16', 8), (4, 4, '2024-09-17', 4), (4, 5, '2024-09-17', 5),
	(5, 1, '2024-09-18', 1), (5, 2, '2024-09-18', 7), (5, 3, '2024-09-18', 3), (5, 4, '2024-09-19', 9), (5, 5, '2024-09-19', 10),
	(6, 1, '2024-09-20', 6), (6, 2, '2024-09-20', 2), (6, 3, '2024-09-20', 8), (6, 4, '2024-09-21', 4), (6, 5, '2024-09-21', 5),
	(7, 1, '2024-09-22', 1), (7, 2, '2024-09-22', 7), (7, 3, '2024-09-22', 3), (7, 4, '2024-09-23', 9), (7, 5, '2024-09-23', 10),
	(8, 1, '2024-09-24', 6), (8, 2, '2024-09-24', 2), (8, 3, '2024-09-24', 8), (8, 4, '2024-09-25', 4), (8, 5, '2024-09-25', 5),
	(9, 1, '2024-09-26', 1), (9, 2, '2024-09-26', 7), (9, 3, '2024-09-26', 3), (9, 4, '2024-09-27', 9), (9, 5, '2024-09-27', 10),
	(10, 1, '2024-09-28', 6), (10, 2, '2024-09-28', 2), (10, 3, '2024-09-28', 8), (10, 4, '2024-09-29', 4), (10, 5, '2024-09-29', 5),
	(11, 1, '2024-09-30', 1), (11, 2, '2024-09-30', 7), (11, 3, '2024-09-30', 3), (11, 4, '2024-10-01', 9), (11, 5, '2024-10-01', 10),
	(12, 1, '2024-10-02', 6), (12, 2, '2024-10-02', 2), (12, 3, '2024-10-02', 8), (12, 4, '2024-10-03', 4), (12, 5, '2024-10-03', 5),
	(13, 1, '2024-10-04', 1), (13, 2, '2024-10-04', 7), (13, 3, '2024-10-04', 3), (13, 4, '2024-10-05', 9), (13, 5, '2024-10-05', 10),
	(14, 1, '2024-10-06', 6), (14, 2, '2024-10-06', 2), (14, 3, '2024-10-06', 8), (14, 4, '2024-10-07', 4), (14, 5, '2024-10-07', 5),
	(15, 1, '2024-10-08', 1), (15, 2, '2024-10-08', 7), (15, 3, '2024-10-08', 3), (15, 4, '2024-10-09', 9), (15, 5, '2024-10-09', 10),
	(16, 1, '2024-10-10', 6), (16, 2, '2024-10-10', 2), (16, 3, '2024-10-10', 8), (16, 4, '2024-10-11', 4), (16, 5, '2024-10-11', 5),
	(17, 1, '2024-10-12', 1), (17, 2, '2024-10-12', 7), (17, 3, '2024-10-12', 3), (17, 4, '2024-10-13', 9), (17, 5, '2024-10-13', 10),
	(18, 1, '2024-10-14', 6), (18, 2, '2024-10-14', 2), (18, 3, '2024-10-14', 8), (18, 4, '2024-10-15', 4), (18, 5, '2024-10-15', 5),
	(19, 1, '2024-10-16', 1), (19, 2, '2024-10-16', 7), (19, 3, '2024-10-16', 3), (19, 4, '2024-10-17', 9), (19, 5, '2024-10-17', 10),
	(20, 1, '2024-10-18', 6), (20, 2, '2024-10-18', 2), (20, 3, '2024-10-18', 8), (20, 4, '2024-10-19', 4), (20, 5, '2024-10-19', 5),
	(21, 1, '2024-10-20', 1), (21, 2, '2024-10-20', 7), (21, 3, '2024-10-20', 3), (21, 4, '2024-10-21', 9), (21, 5, '2024-10-21', 10),
	(22, 1, '2024-10-22', 6), (22, 2, '2024-10-22', 2), (22, 3, '2024-10-22', 8), (22, 4, '2024-10-23', 4), (22, 5, '2024-10-23', 5),
	(23, 1, '2024-10-24', 1), (23, 2, '2024-10-24', 7), (23, 3, '2024-10-24', 3), (23, 4, '2024-10-25', 9), (23, 5, '2024-10-25', 10),
	(24, 1, '2024-10-26', 6), (24, 2, '2024-10-26', 2), (24, 3, '2024-10-26', 8), (24, 4, '2024-10-27', 4), (24, 5, '2024-10-27', 5),
	(25, 1, '2024-10-28', 1), (25, 2, '2024-10-28', 7), (25, 3, '2024-10-28', 3), (25, 4, '2024-10-29', 9), (25, 5, '2024-10-29', 10),
	(26, 1, '2024-10-30', 6), (26, 2, '2024-10-30', 2), (26, 3, '2024-10-30', 8), (26, 4, '2024-10-31', 4), (26, 5, '2024-10-31', 5),
	(27, 1, '2024-11-01', 1), (27, 2, '2024-11-01', 7), (27, 3, '2024-11-01', 3), (27, 4, '2024-11-02', 9), (27, 5, '2024-11-02', 10),
	(28, 1, '2024-11-03', 6), (28, 2, '2024-11-03', 2), (28, 3, '2024-11-03', 8), (28, 4, '2024-11-04', 4), (28, 5, '2024-11-04', 5),
	(29, 1, '2024-11-05', 1), (29, 2, '2024-11-05', 7), (29, 3, '2024-11-05', 3), (29, 4, '2024-11-06', 9), (29, 5, '2024-11-06', 10),
	(30, 1, '2024-11-07', 6), (30, 2, '2024-11-07', 2), (30, 3, '2024-11-07', 8), (30, 4, '2024-11-08', 4), (30, 5, '2024-11-08', 5);

INSERT INTO ingressos (id_sessao, id_tipo, id_assentos)
    VALUES (1,1,1);
    
INSERT INTO item_venda(id_ingresso, id_tipo)
    VALUES (1,1);
    
INSERT INTO vendas(id_item, id_empregados, id_tipo_pagamento)
	VALUES (1,3,2);